id,area,bedrooms,bathrooms,stories,mainroad,guestroom,basement,hotwaterheating,airconditioning,parking,prefarea,furnishingstatus,price
0,7420,4,2,3,yes,no,no,no,yes,2,yes,furnished,13300000
1,8960,4,4,4,yes,no,no,no,yes,3,no,furnished,12250000
2,9960,3,2,2,yes,no,yes,no,no,2,yes,semi-furnished,12250000
3,7500,4,2,2,yes,no,yes,no,yes,3,yes,furnished,12215000
4,7420,4,1,2,yes,yes,yes,no,yes,2,no,furnished,11410000
5,7500,3,3,1,yes,no,yes,no,yes,2,yes,semi-furnished,10850000
6,8580,4,3,4,yes,no,no,no,yes,2,yes,semi-furnished,10150000
7,16200,5,3,2,yes,no,no,no,no,0,no,unfurnished,10150000
8,8100,4,1,2,yes,yes,yes,no,yes,2,yes,furnished,9870000
9,5750,3,2,4,yes,yes,no,no,yes,1,yes,unfurnished,9800000
10,13200,3,1,2,yes,no,yes,no,yes,2,yes,furnished,9800000
11,6000,4,3,2,yes,yes,yes,yes,no,2,no,semi-furnished,9681000
12,6550,4,2,2,yes,no,no,no,yes,1,yes,semi-furnished,9310000
13,3500,4,2,2,yes,no,no,yes,no,2,no,furnished,9240000
14,7800,3,2,2,yes,no,no,no,no,0,yes,semi-furnished,9240000
15,6000,4,1,2,yes,no,yes,no,no,2,no,semi-furnished,9100000
16,6600,4,2,2,yes,yes,yes,no,yes,1,yes,unfurnished,9100000
17,8500,3,2,4,yes,no,no,no,yes,2,no,furnished,8960000
18,4600,3,2,2,yes,yes,no,no,yes,2,no,furnished,8890000
19,6420,3,2,2,yes,no,no,no,yes,1,yes,semi-furnished,8855000
20,4320,3,1,2,yes,no,yes,yes,no,2,no,semi-furnished,8750000
21,7155,3,2,1,yes,yes,yes,no,yes,2,no,unfurnished,8680000
22,8050,3,1,1,yes,yes,yes,no,yes,1,no,furnished,8645000
23,4560,3,2,2,yes,yes,yes,no,yes,1,no,furnished,8645000
24,8800,3,2,2,yes,no,no,no,yes,2,no,furnished,8575000
25,6540,4,2,2,yes,yes,yes,no,yes,2,yes,furnished,8540000
26,6000,3,2,4,yes,yes,yes,no,yes,0,yes,semi-furnished,8463000
27,8875,3,1,1,yes,no,no,no,no,1,no,semi-furnished,8400000
28,7950,5,2,2,yes,no,yes,yes,no,2,no,unfurnished,8400000
29,5500,4,2,2,yes,no,yes,no,yes,1,yes,semi-furnished,8400000
30,7475,3,2,4,yes,no,no,no,yes,2,no,unfurnished,8400000
31,7000,3,1,4,yes,no,no,no,yes,2,no,semi-furnished,8400000
32,4880,4,2,2,yes,no,no,no,yes,1,yes,furnished,8295000
33,5960,3,3,2,yes,yes,yes,no,no,1,no,unfurnished,8190000
34,6840,5,1,2,yes,yes,yes,no,yes,1,no,furnished,8120000
35,7000,3,2,4,yes,no,no,no,yes,2,no,furnished,8080940
36,7482,3,2,3,yes,no,no,yes,no,1,yes,furnished,8043000
37,9000,4,2,4,yes,no,no,no,yes,2,no,furnished,7980000
38,6000,3,1,4,yes,yes,no,no,yes,2,no,unfurnished,7962500
39,6000,4,2,4,yes,no,no,no,yes,1,no,semi-furnished,7910000
40,6550,3,1,2,yes,no,yes,no,yes,0,yes,furnished,7875000
41,6360,3,2,4,yes,no,no,no,yes,0,yes,furnished,7840000
42,6480,3,2,4,yes,no,no,no,yes,2,no,unfurnished,7700000
43,6000,4,2,4,yes,no,no,no,no,2,no,semi-furnished,7700000
44,6000,4,2,4,yes,no,no,no,yes,1,no,furnished,7560000
45,6000,3,2,3,yes,no,no,no,yes,0,no,semi-furnished,7560000
46,6000,3,2,4,yes,no,no,no,yes,1,no,furnished,7525000
47,6600,3,1,4,yes,no,no,no,yes,3,yes,furnished,7490000
48,4300,3,2,2,yes,no,yes,no,no,1,no,unfurnished,7455000
49,7440,3,2,1,yes,yes,yes,no,yes,0,yes,semi-furnished,7420000
50,7440,3,2,4,yes,no,no,no,no,1,yes,unfurnished,7420000
51,6325,3,1,4,yes,no,no,no,yes,1,no,unfurnished,7420000
52,6000,4,2,4,yes,yes,no,no,yes,1,no,furnished,7350000
53,5150,3,2,4,yes,no,no,no,yes,2,no,semi-furnished,7350000
54,6000,3,2,2,yes,yes,no,no,yes,1,no,semi-furnished,7350000
55,6000,3,1,2,yes,no,no,no,yes,1,no,unfurnished,7350000
56,11440,4,1,2,yes,no,yes,no,no,1,yes,semi-furnished,7343000
57,9000,4,2,4,yes,yes,no,no,yes,1,yes,furnished,7245000
58,7680,4,2,4,yes,yes,no,no,yes,1,no,semi-furnished,7210000
59,6000,3,2,4,yes,yes,no,no,yes,1,no,furnished,7210000
60,6000,3,2,2,yes,yes,no,no,no,1,no,semi-furnished,7140000
61,8880,2,1,1,yes,no,no,no,yes,1,no,semi-furnished,7070000
62,6240,4,2,2,yes,no,no,no,yes,1,no,furnished,7070000
63,6360,4,2,3,yes,no,no,no,yes,2,yes,furnished,7035000
64,11175,3,1,1,yes,no,yes,no,yes,1,yes,furnished,7000000
65,8880,3,2,2,yes,no,yes,no,yes,1,no,furnished,6930000
66,13200,2,1,1,yes,no,yes,yes,no,1,no,furnished,6930000
67,7700,3,2,1,yes,no,no,no,no,2,no,unfurnished,6895000
68,6000,3,1,1,yes,no,no,no,yes,1,no,furnished,6860000
69,12090,4,2,2,yes,no,no,no,no,2,yes,furnished,6790000
70,4000,3,2,2,yes,no,yes,no,yes,0,yes,semi-furnished,6790000
71,6000,4,2,4,yes,no,no,no,yes,0,no,unfurnished,6755000
72,5020,3,1,4,yes,no,no,no,yes,0,yes,unfurnished,6720000
73,6600,2,2,4,yes,no,yes,no,no,0,yes,furnished,6685000
74,4040,3,1,2,yes,no,yes,yes,no,1,no,furnished,6650000
75,4260,4,2,2,yes,no,no,yes,no,0,no,semi-furnished,6650000
76,6420,3,2,3,yes,no,no,no,yes,0,yes,furnished,6650000
77,6500,3,2,3,yes,no,no,no,yes,0,yes,furnished,6650000
78,5700,3,1,1,yes,yes,yes,no,yes,2,yes,furnished,6650000
79,6000,3,2,3,yes,yes,no,no,yes,0,no,furnished,6650000
80,6000,3,1,2,yes,no,no,yes,no,1,yes,semi-furnished,6629000
81,4000,3,2,2,yes,no,yes,no,yes,1,no,semi-furnished,6615000
82,10500,3,2,1,yes,no,yes,no,yes,1,yes,furnished,6615000
83,6000,3,2,4,yes,no,no,no,yes,0,no,semi-furnished,6580000
84,3760,3,1,2,yes,no,no,yes,no,2,no,semi-furnished,6510000
85,8250,3,2,3,yes,no,no,no,yes,0,no,furnished,6510000
86,6670,3,1,3,yes,no,yes,no,no,0,yes,unfurnished,6510000
87,3960,3,1,1,yes,no,yes,no,no,2,no,semi-furnished,6475000
88,7410,3,1,1,yes,yes,yes,no,yes,2,yes,unfurnished,6475000
89,8580,5,3,2,yes,no,no,no,no,2,no,furnished,6440000
90,5000,3,1,2,yes,no,no,no,yes,0,no,semi-furnished,6440000
91,6750,2,1,1,yes,yes,yes,no,no,2,yes,furnished,6419000
92,4800,3,2,4,yes,yes,no,no,yes,0,no,furnished,6405000
93,7200,3,2,1,yes,no,yes,no,yes,3,no,semi-furnished,6300000
94,6000,4,2,4,yes,no,no,no,no,1,no,semi-furnished,6300000
95,4100,3,2,3,yes,no,no,no,yes,2,no,semi-furnished,6300000
96,9000,3,1,1,yes,no,yes,no,no,1,yes,furnished,6300000
97,6400,3,1,1,yes,yes,yes,no,yes,1,yes,semi-furnished,6300000
98,6600,3,2,3,yes,no,no,no,yes,0,yes,unfurnished,6293000
99,6000,4,1,3,yes,yes,yes,no,no,0,yes,unfurnished,6265000
100,6600,3,2,1,yes,no,yes,no,yes,0,yes,unfurnished,6230000
101,5500,3,1,3,yes,no,no,no,no,1,yes,unfurnished,6230000
102,5500,3,2,4,yes,yes,no,no,yes,1,no,semi-furnished,6195000
103,6350,3,2,3,yes,yes,no,no,yes,0,no,furnished,6195000
104,5500,3,2,1,yes,yes,yes,no,no,2,yes,furnished,6195000
105,4500,3,1,4,yes,no,no,no,yes,0,no,unfurnished,6160000
106,5450,4,2,1,yes,no,yes,no,yes,0,yes,semi-furnished,6160000
107,6420,3,1,3,yes,no,yes,no,no,0,yes,unfurnished,6125000
108,3240,4,1,3,yes,no,no,no,no,1,no,semi-furnished,6107500
109,6615,4,2,2,yes,yes,no,yes,no,1,no,semi-furnished,6090000
110,6600,3,1,1,yes,yes,yes,no,no,2,yes,semi-furnished,6090000
111,8372,3,1,3,yes,no,no,no,yes,2,no,unfurnished,6090000
112,4300,6,2,2,yes,no,no,no,no,0,no,furnished,6083000
113,9620,3,1,1,yes,no,yes,no,no,2,yes,furnished,6083000
114,6800,2,1,1,yes,yes,yes,no,no,2,no,furnished,6020000
115,8000,3,1,1,yes,yes,yes,no,yes,2,yes,semi-furnished,6020000
116,6900,3,2,1,yes,yes,yes,no,no,0,yes,unfurnished,6020000
117,3700,4,1,2,yes,yes,no,no,yes,0,no,furnished,5950000
118,6420,3,1,1,yes,no,yes,no,yes,0,yes,furnished,5950000
119,7020,3,1,1,yes,no,yes,no,yes,2,yes,semi-furnished,5950000
120,6540,3,1,1,yes,yes,yes,no,no,2,yes,furnished,5950000
121,7231,3,1,2,yes,yes,yes,no,yes,0,yes,semi-furnished,5950000
122,6254,4,2,1,yes,no,yes,no,no,1,yes,semi-furnished,5950000
123,7320,4,2,2,yes,no,no,no,no,0,no,furnished,5950000
124,6525,3,2,4,yes,no,no,no,no,1,no,furnished,5950000
125,15600,3,1,1,yes,no,no,no,yes,2,no,semi-furnished,5943000
126,7160,3,1,1,yes,no,yes,no,no,2,yes,unfurnished,5880000
127,6500,3,2,3,yes,no,no,no,yes,0,no,unfurnished,5880000
128,5500,3,1,3,yes,yes,no,no,yes,1,no,furnished,5873000
129,11460,3,1,3,yes,no,no,no,no,2,yes,semi-furnished,5873000
130,4800,3,1,1,yes,yes,yes,no,no,0,no,unfurnished,5866000
131,5828,4,1,4,yes,yes,no,no,no,0,no,semi-furnished,5810000
132,5200,3,1,3,yes,no,no,no,yes,0,no,semi-furnished,5810000
133,4800,3,1,3,yes,no,no,no,yes,0,no,unfurnished,5810000
134,7000,3,1,1,yes,no,yes,no,no,2,yes,semi-furnished,5803000
135,6000,3,2,4,yes,no,no,no,yes,0,no,unfurnished,5775000
136,5400,4,2,2,yes,no,no,no,yes,2,no,unfurnished,5740000
137,4640,4,1,2,yes,no,no,no,no,1,no,semi-furnished,5740000
138,5000,3,1,3,yes,no,no,no,yes,0,no,semi-furnished,5740000
139,6360,3,1,1,yes,yes,yes,no,yes,2,yes,furnished,5740000
140,5800,3,2,4,yes,no,no,no,yes,0,no,unfurnished,5740000
141,6660,4,2,2,yes,yes,yes,no,no,1,yes,semi-furnished,5652500
142,10500,4,2,2,yes,no,no,no,no,1,no,semi-furnished,5600000
143,4800,5,2,3,no,no,yes,yes,no,0,no,unfurnished,5600000
144,4700,4,1,2,yes,yes,yes,no,yes,1,no,furnished,5600000
145,5000,3,1,4,yes,no,no,no,no,0,no,furnished,5600000
146,10500,2,1,1,yes,no,no,no,no,1,no,semi-furnished,5600000
147,5500,3,2,2,yes,no,no,no,no,1,no,semi-furnished,5600000
148,6360,3,1,3,yes,no,no,no,no,0,yes,semi-furnished,5600000
149,6600,4,2,1,yes,no,yes,no,no,0,yes,semi-furnished,5600000
150,5136,3,1,2,yes,yes,yes,no,yes,0,yes,unfurnished,5600000
151,4400,4,1,2,yes,no,no,no,yes,2,yes,semi-furnished,5565000
152,5400,5,1,2,yes,yes,yes,no,yes,0,yes,furnished,5565000
153,3300,3,3,2,yes,no,yes,no,no,0,no,semi-furnished,5530000
154,3650,3,2,2,yes,no,no,no,no,2,no,semi-furnished,5530000
155,6100,3,2,1,yes,no,yes,no,no,2,yes,furnished,5530000
156,6900,3,1,1,yes,yes,yes,no,no,0,yes,semi-furnished,5523000
157,2817,4,2,2,no,yes,yes,no,no,1,no,furnished,5495000
158,7980,3,1,1,yes,no,no,no,no,2,no,semi-furnished,5495000
159,3150,3,2,1,yes,yes,yes,no,yes,0,no,furnished,5460000
160,6210,4,1,4,yes,yes,no,no,yes,0,no,furnished,5460000
161,6100,3,1,3,yes,yes,no,no,yes,0,yes,semi-furnished,5460000
162,6600,4,2,2,yes,yes,yes,no,no,0,yes,semi-furnished,5460000
163,6825,3,1,1,yes,yes,yes,no,yes,0,yes,semi-furnished,5425000
164,6710,3,2,2,yes,yes,yes,no,no,1,yes,furnished,5390000
165,6450,3,2,1,yes,yes,yes,yes,no,0,no,unfurnished,5383000
166,7800,3,1,1,yes,no,yes,no,yes,2,yes,unfurnished,5320000
167,4600,2,2,1,yes,no,no,no,yes,2,no,semi-furnished,5285000
168,4260,4,1,2,yes,no,yes,no,yes,0,no,furnished,5250000
169,6540,4,2,2,no,no,no,no,yes,0,no,semi-furnished,5250000
170,5500,3,2,1,yes,no,yes,no,no,0,no,semi-furnished,5250000
171,10269,3,1,1,yes,no,no,no,no,1,yes,semi-furnished,5250000
172,8400,3,1,2,yes,yes,yes,no,yes,2,yes,unfurnished,5250000
173,5300,4,2,1,yes,no,no,no,yes,0,yes,unfurnished,5250000
174,3800,3,1,2,yes,yes,yes,no,no,1,yes,unfurnished,5250000
175,9800,4,2,2,yes,yes,no,no,no,2,no,semi-furnished,5250000
176,8520,3,1,1,yes,no,no,no,yes,2,no,furnished,5250000
177,6050,3,1,1,yes,no,yes,no,no,0,yes,semi-furnished,5243000
178,7085,3,1,1,yes,yes,yes,no,no,2,yes,semi-furnished,5229000
179,3180,3,2,2,yes,no,no,no,no,2,no,semi-furnished,5215000
180,4500,4,2,1,no,no,yes,no,yes,2,no,semi-furnished,5215000
181,7200,3,1,2,yes,yes,yes,no,no,1,yes,furnished,5215000
182,3410,3,1,2,no,no,no,no,yes,0,no,semi-furnished,5145000
183,7980,3,1,1,yes,no,no,no,no,1,yes,semi-furnished,5145000
184,3000,3,2,2,yes,yes,yes,no,no,0,no,furnished,5110000
185,3000,3,1,2,yes,no,yes,no,no,0,no,unfurnished,5110000
186,11410,2,1,2,yes,no,no,no,no,0,yes,furnished,5110000
187,6100,3,1,1,yes,no,yes,no,yes,0,yes,semi-furnished,5110000
188,5720,2,1,2,yes,no,no,no,yes,0,yes,unfurnished,5075000
189,3540,2,1,1,no,yes,yes,no,no,0,no,semi-furnished,5040000
190,7600,4,1,2,yes,no,no,no,yes,2,no,furnished,5040000
191,10700,3,1,2,yes,yes,yes,no,no,0,no,semi-furnished,5040000
192,6600,3,1,1,yes,yes,yes,no,no,0,yes,furnished,5040000
193,4800,2,1,1,yes,yes,yes,no,no,0,no,semi-furnished,5033000
194,8150,3,2,1,yes,yes,yes,no,no,0,no,semi-furnished,5005000
195,4410,4,3,2,yes,no,yes,no,no,2,no,semi-furnished,4970000
196,7686,3,1,1,yes,yes,yes,yes,no,0,no,semi-furnished,4970000
197,2800,3,2,2,no,no,yes,no,yes,1,no,semi-furnished,4956000
198,5948,3,1,2,yes,no,no,no,yes,0,no,semi-furnished,4935000
199,4200,3,1,2,yes,no,no,no,no,1,no,furnished,4907000
200,4520,3,1,2,yes,no,yes,no,yes,0,no,semi-furnished,4900000
201,4095,3,1,2,no,yes,yes,no,yes,0,no,semi-furnished,4900000
202,4120,2,1,1,yes,no,yes,no,no,1,no,semi-furnished,4900000
203,5400,4,1,2,yes,no,no,no,no,0,no,semi-furnished,4900000
204,4770,3,1,1,yes,yes,yes,no,no,0,no,semi-furnished,4900000
205,6300,3,1,1,yes,no,no,no,yes,2,no,semi-furnished,4900000
206,5800,2,1,1,yes,yes,yes,no,yes,0,no,semi-furnished,4900000
207,3000,3,1,2,yes,no,yes,no,yes,0,no,semi-furnished,4900000
208,2970,3,1,3,yes,no,no,no,no,0,no,semi-furnished,4900000
209,6720,3,1,1,yes,no,no,no,no,0,no,unfurnished,4900000
210,4646,3,1,2,yes,yes,yes,no,no,2,no,semi-furnished,4900000
211,12900,3,1,1,yes,no,no,no,no,2,no,furnished,4900000
212,3420,4,2,2,yes,no,yes,no,yes,2,no,semi-furnished,4893000
213,4995,4,2,1,yes,no,yes,no,no,0,no,semi-furnished,4893000
214,4350,2,1,1,yes,no,yes,no,no,0,no,unfurnished,4865000
215,4160,3,1,3,yes,no,no,no,no,0,no,unfurnished,4830000
216,6040,3,1,1,yes,no,no,no,no,2,yes,semi-furnished,4830000
217,6862,3,1,2,yes,no,no,no,yes,2,yes,furnished,4830000
218,4815,2,1,1,yes,no,no,no,yes,0,yes,semi-furnished,4830000
219,7000,3,1,2,yes,no,yes,no,no,0,no,unfurnished,4795000
220,8100,4,1,4,yes,no,yes,no,yes,2,no,semi-furnished,4795000
221,3420,4,2,2,yes,no,no,no,no,0,no,semi-furnished,4767000
222,9166,2,1,1,yes,no,yes,no,yes,2,no,semi-furnished,4760000
223,6321,3,1,2,yes,no,yes,no,yes,1,no,furnished,4760000
224,10240,2,1,1,yes,no,no,no,yes,2,yes,unfurnished,4760000
225,6440,2,1,1,yes,no,no,no,yes,3,no,semi-furnished,4753000
226,5170,3,1,4,yes,no,no,no,yes,0,no,semi-furnished,4690000
227,6000,2,1,1,yes,no,yes,no,yes,1,no,furnished,4690000
228,3630,3,1,2,yes,no,no,no,no,2,no,semi-furnished,4690000
229,9667,4,2,2,yes,yes,yes,no,no,1,no,semi-furnished,4690000
230,5400,2,1,2,yes,no,no,no,no,0,yes,semi-furnished,4690000
231,4320,3,1,1,yes,no,no,no,no,0,yes,semi-furnished,4690000
232,3745,3,1,2,yes,no,yes,no,no,0,no,furnished,4655000
233,4160,3,1,1,yes,yes,yes,no,yes,0,no,unfurnished,4620000
234,3880,3,2,2,yes,no,yes,no,no,2,no,semi-furnished,4620000
235,5680,3,1,2,yes,yes,no,no,yes,1,no,semi-furnished,4620000
236,2870,2,1,2,yes,yes,yes,no,no,0,yes,semi-furnished,4620000
237,5010,3,1,2,yes,no,yes,no,no,0,no,semi-furnished,4620000
238,4510,4,2,2,yes,no,yes,no,no,0,no,semi-furnished,4613000
239,4000,3,1,2,yes,no,no,no,no,1,no,furnished,4585000
240,3840,3,1,2,yes,no,no,no,no,1,yes,semi-furnished,4585000
241,3760,3,1,1,yes,no,no,no,no,2,no,semi-furnished,4550000
242,3640,3,1,2,yes,no,no,no,yes,0,no,furnished,4550000
243,2550,3,1,2,yes,no,yes,no,no,0,no,furnished,4550000
244,5320,3,1,2,yes,yes,yes,no,no,0,yes,semi-furnished,4550000
245,5360,3,1,2,yes,no,no,no,no,2,yes,unfurnished,4550000
246,3520,3,1,1,yes,no,no,no,no,0,yes,semi-furnished,4550000
247,8400,4,1,4,yes,no,no,no,no,3,no,unfurnished,4550000
248,4100,2,2,1,yes,yes,yes,no,no,0,no,semi-furnished,4543000
249,4990,4,2,2,yes,yes,yes,no,no,0,yes,furnished,4543000
250,3510,3,1,3,yes,no,no,no,no,0,no,semi-furnished,4515000
251,3450,3,1,2,yes,no,yes,no,no,1,no,semi-furnished,4515000
252,9860,3,1,1,yes,no,no,no,no,0,no,semi-furnished,4515000
253,3520,2,1,2,yes,no,no,no,no,0,yes,furnished,4515000
254,4510,4,1,2,yes,no,no,no,yes,2,no,semi-furnished,4480000
255,5885,2,1,1,yes,no,no,no,yes,1,no,unfurnished,4480000
256,4000,3,1,2,yes,no,no,no,no,2,no,furnished,4480000
257,8250,3,1,1,yes,no,no,no,no,0,no,furnished,4480000
258,4040,3,1,2,yes,no,no,no,no,1,no,semi-furnished,4480000
259,6360,2,1,1,yes,no,yes,no,yes,1,no,furnished,4473000
260,3162,3,1,2,yes,no,no,no,yes,1,no,furnished,4473000
261,3510,3,1,2,yes,no,no,no,no,0,no,semi-furnished,4473000
262,3750,2,1,1,yes,yes,yes,no,no,0,no,semi-furnished,4445000
263,3968,3,1,2,no,no,no,no,no,0,no,semi-furnished,4410000
264,4900,2,1,2,yes,no,yes,no,no,0,no,semi-furnished,4410000
265,2880,3,1,2,yes,no,no,no,no,0,yes,semi-furnished,4403000
266,4880,3,1,1,yes,no,no,no,no,2,yes,unfurnished,4403000
267,4920,3,1,2,yes,no,no,no,no,1,no,semi-furnished,4403000
268,4950,4,1,2,yes,no,no,no,yes,0,no,semi-furnished,4382000
269,3900,3,1,2,yes,no,no,no,no,0,no,unfurnished,4375000
270,4500,3,2,3,yes,no,no,yes,no,1,no,furnished,4340000
271,1905,5,1,2,no,no,yes,no,no,0,no,semi-furnished,4340000
272,4075,3,1,1,yes,yes,yes,no,no,2,no,semi-furnished,4340000
273,3500,4,1,2,yes,no,no,no,no,2,no,furnished,4340000
274,6450,4,1,2,yes,no,no,no,no,0,no,semi-furnished,4340000
275,4032,2,1,1,yes,no,yes,no,no,0,no,furnished,4319000
276,4400,2,1,1,yes,no,no,no,no,1,no,semi-furnished,4305000
277,10360,2,1,1,yes,no,no,no,no,1,yes,semi-furnished,4305000
278,3400,3,1,2,yes,no,yes,no,no,2,yes,semi-furnished,4277000
279,6360,2,1,1,yes,no,no,no,no,0,no,furnished,4270000
280,6360,2,1,2,yes,no,no,no,no,0,no,unfurnished,4270000
281,4500,2,1,1,yes,no,no,no,yes,2,no,furnished,4270000
282,2175,3,1,2,no,yes,yes,no,yes,0,no,unfurnished,4270000
283,4360,4,1,2,yes,no,no,no,no,0,no,furnished,4270000
284,7770,2,1,1,yes,no,no,no,no,1,no,furnished,4270000
285,6650,3,1,2,yes,yes,no,no,no,0,no,semi-furnished,4235000
286,2787,3,1,1,yes,no,yes,no,no,0,yes,furnished,4235000
287,5500,3,1,2,yes,no,no,no,yes,0,no,unfurnished,4200000
288,5040,3,1,2,yes,no,yes,no,yes,0,no,unfurnished,4200000
289,5850,2,1,1,yes,yes,yes,no,no,2,no,semi-furnished,4200000
290,2610,4,3,2,no,no,no,no,no,0,no,semi-furnished,4200000
291,2953,3,1,2,yes,no,yes,no,yes,0,no,unfurnished,4200000
292,2747,4,2,2,no,no,no,no,no,0,no,semi-furnished,4200000
293,4410,2,1,1,no,no,no,no,no,1,no,unfurnished,4200000
294,4000,4,2,2,no,no,no,no,no,0,no,semi-furnished,4200000
295,2325,3,1,2,no,no,no,no,no,0,no,semi-furnished,4200000
296,4600,3,2,2,yes,no,no,no,yes,1,no,semi-furnished,4200000
297,3640,3,2,2,yes,no,yes,no,no,0,no,unfurnished,4200000
298,5800,3,1,1,yes,no,no,yes,no,2,no,semi-furnished,4200000
299,7000,3,1,1,yes,no,no,no,no,3,no,furnished,4200000
300,4079,3,1,3,yes,no,no,no,no,0,no,semi-furnished,4200000
301,3520,3,1,2,yes,no,no,no,no,0,yes,semi-furnished,4200000
302,2145,3,1,3,yes,no,no,no,no,1,yes,unfurnished,4200000
303,4500,3,1,1,yes,no,yes,no,no,0,no,furnished,4200000
304,8250,3,1,1,yes,no,yes,no,no,3,no,semi-furnished,4193000
305,3450,3,1,2,yes,no,no,no,no,1,no,semi-furnished,4193000
306,4840,3,1,2,yes,no,no,no,no,1,no,semi-furnished,4165000
307,4080,3,1,2,yes,no,no,no,no,2,no,semi-furnished,4165000
308,4046,3,1,2,yes,no,yes,no,no,1,no,semi-furnished,4165000
309,4632,4,1,2,yes,no,no,no,yes,0,no,semi-furnished,4130000
310,5985,3,1,1,yes,no,yes,no,no,0,no,semi-furnished,4130000
311,6060,2,1,1,yes,no,yes,no,no,1,no,semi-furnished,4123000
312,3600,3,1,1,yes,no,yes,no,yes,0,yes,furnished,4098500
313,3680,3,2,2,yes,no,no,no,no,0,no,semi-furnished,4095000
314,4040,2,1,2,yes,no,no,no,no,1,no,semi-furnished,4095000
315,5600,2,1,1,yes,no,no,no,yes,0,no,semi-furnished,4095000
316,5900,4,2,2,no,no,yes,no,no,1,no,unfurnished,4060000
317,4992,3,2,2,yes,no,no,no,no,2,no,unfurnished,4060000
318,4340,3,1,1,yes,no,no,no,no,0,no,semi-furnished,4060000
319,3000,4,1,3,yes,no,yes,no,yes,2,no,semi-furnished,4060000
320,4320,3,1,2,yes,no,no,no,no,2,yes,furnished,4060000
321,3630,3,2,2,yes,no,no,yes,no,2,no,semi-furnished,4025000
322,3460,3,2,1,yes,no,yes,no,yes,1,no,furnished,4025000
323,5400,3,1,1,yes,no,no,no,no,3,no,semi-furnished,4025000
324,4500,3,1,2,no,no,yes,no,yes,0,no,semi-furnished,4007500
325,3460,4,1,2,yes,no,no,no,yes,0,no,semi-furnished,4007500
326,4100,4,1,1,no,no,yes,no,no,0,no,unfurnished,3990000
327,6480,3,1,2,no,no,no,no,yes,1,no,semi-furnished,3990000
328,4500,3,2,2,no,no,yes,no,yes,0,no,semi-furnished,3990000
329,3960,3,1,2,yes,no,no,no,no,0,no,furnished,3990000
330,4050,2,1,2,yes,yes,yes,no,no,0,yes,unfurnished,3990000
331,7260,3,2,1,yes,yes,yes,no,no,3,no,furnished,3920000
332,5500,4,1,2,yes,yes,yes,no,no,0,no,semi-furnished,3920000
333,3000,3,1,2,yes,no,no,no,no,0,no,semi-furnished,3920000
334,3290,2,1,1,yes,no,no,yes,no,1,no,furnished,3920000
335,3816,2,1,1,yes,no,yes,no,yes,2,no,furnished,3920000
336,8080,3,1,1,yes,no,no,no,yes,2,no,semi-furnished,3920000
337,2145,4,2,1,yes,no,yes,no,no,0,yes,unfurnished,3920000
338,3780,2,1,2,yes,yes,yes,no,no,0,no,semi-furnished,3885000
339,3180,4,2,2,yes,no,no,no,no,0,no,furnished,3885000
340,5300,5,2,2,yes,no,no,no,no,0,no,semi-furnished,3850000
341,3180,2,2,1,yes,no,yes,no,no,2,no,semi-furnished,3850000
342,7152,3,1,2,yes,no,no,no,yes,0,no,furnished,3850000
343,4080,2,1,1,yes,no,no,no,no,0,no,semi-furnished,3850000
344,3850,2,1,1,yes,no,no,no,no,0,no,semi-furnished,3850000
345,2015,3,1,2,yes,no,yes,no,no,0,yes,semi-furnished,3850000
346,2176,2,1,2,yes,yes,no,no,no,0,yes,semi-furnished,3850000
347,3350,3,1,2,yes,no,no,no,no,0,no,unfurnished,3836000
348,3150,2,2,1,no,no,yes,no,no,0,no,semi-furnished,3815000
349,4820,3,1,2,yes,no,no,no,no,0,no,semi-furnished,3780000
350,3420,2,1,2,yes,no,no,yes,no,1,no,semi-furnished,3780000
351,3600,2,1,1,yes,no,no,no,no,0,no,semi-furnished,3780000
352,5830,2,1,1,yes,no,no,no,no,2,no,unfurnished,3780000
353,2856,3,1,3,yes,no,no,no,no,0,yes,furnished,3780000
354,8400,2,1,1,yes,no,no,no,no,1,no,furnished,3780000
355,8250,3,1,1,yes,no,no,no,no,2,no,furnished,3773000
356,2520,5,2,1,no,no,yes,no,yes,1,no,furnished,3773000
357,6930,4,1,2,no,no,no,no,no,1,no,furnished,3773000
358,3480,2,1,1,yes,no,no,no,no,0,yes,semi-furnished,3745000
359,3600,3,1,1,yes,no,no,no,no,1,no,unfurnished,3710000
360,4040,2,1,1,yes,no,no,no,no,0,no,semi-furnished,3710000
361,6020,3,1,1,yes,no,no,no,no,0,no,semi-furnished,3710000
362,4050,2,1,1,yes,no,no,no,no,0,no,furnished,3710000
363,3584,2,1,1,yes,no,no,yes,no,0,no,semi-furnished,3710000
364,3120,3,1,2,no,no,yes,yes,no,0,no,semi-furnished,3703000
365,5450,2,1,1,yes,no,no,no,no,0,no,furnished,3703000
366,3630,2,1,1,yes,no,yes,no,no,0,no,furnished,3675000
367,3630,2,1,1,yes,no,no,no,yes,0,no,unfurnished,3675000
368,5640,2,1,1,no,no,no,no,no,0,no,semi-furnished,3675000
369,3600,2,1,1,yes,no,no,no,no,0,no,furnished,3675000
370,4280,2,1,1,yes,no,no,no,yes,2,no,semi-furnished,3640000
371,3570,3,1,2,yes,no,yes,no,no,0,no,semi-furnished,3640000
372,3180,3,1,2,no,no,yes,no,no,0,no,semi-furnished,3640000
373,3000,2,1,2,yes,no,no,no,yes,0,no,furnished,3640000
374,3520,2,2,1,yes,no,yes,no,no,0,no,semi-furnished,3640000
375,5960,3,1,2,yes,yes,yes,no,no,0,no,unfurnished,3640000
376,4130,3,2,2,yes,no,no,no,no,2,no,semi-furnished,3640000
377,2850,3,2,2,no,no,yes,no,no,0,yes,unfurnished,3640000
378,2275,3,1,3,yes,no,no,yes,yes,0,yes,semi-furnished,3640000
379,3520,3,1,1,yes,no,no,no,no,2,yes,unfurnished,3633000
380,4500,2,1,1,yes,no,no,no,no,0,no,semi-furnished,3605000
381,4000,2,1,1,yes,no,no,no,no,0,yes,semi-furnished,3605000
382,3150,3,1,2,yes,no,yes,no,no,0,no,furnished,3570000
383,4500,4,2,2,yes,no,yes,no,no,2,no,furnished,3570000
384,4500,2,1,1,no,no,no,no,no,0,no,furnished,3570000
385,3640,2,1,1,yes,no,no,no,no,0,no,unfurnished,3570000
386,3850,3,1,1,yes,no,no,no,no,2,no,unfurnished,3535000
387,4240,3,1,2,yes,no,no,no,yes,0,no,semi-furnished,3500000
388,3650,3,1,2,yes,no,no,no,no,0,no,unfurnished,3500000
389,4600,4,1,2,yes,no,no,no,no,0,no,semi-furnished,3500000
390,2135,3,2,2,no,no,no,no,no,0,no,unfurnished,3500000
391,3036,3,1,2,yes,no,yes,no,no,0,no,semi-furnished,3500000
392,3990,3,1,2,yes,no,no,no,no,0,no,semi-furnished,3500000
393,7424,3,1,1,no,no,no,no,no,0,no,unfurnished,3500000
394,3480,3,1,1,no,no,no,no,yes,0,no,unfurnished,3500000
395,3600,6,1,2,yes,no,no,no,no,1,no,unfurnished,3500000
396,3640,2,1,1,yes,no,no,no,no,1,no,semi-furnished,3500000
397,5900,2,1,1,yes,no,no,no,no,1,no,furnished,3500000
398,3120,3,1,2,yes,no,no,no,no,1,no,unfurnished,3500000
399,7350,2,1,1,yes,no,no,no,no,1,no,semi-furnished,3500000
400,3512,2,1,1,yes,no,no,no,no,1,yes,unfurnished,3500000
401,9500,3,1,2,yes,no,no,no,no,3,yes,unfurnished,3500000
402,5880,2,1,1,yes,no,no,no,no,0,no,unfurnished,3500000
403,12944,3,1,1,yes,no,no,no,no,0,no,unfurnished,3500000
404,4900,3,1,2,no,no,no,no,no,0,no,unfurnished,3493000
405,3060,3,1,1,yes,no,no,no,no,0,no,unfurnished,3465000
406,5320,2,1,1,yes,no,no,no,no,1,yes,unfurnished,3465000
407,2145,3,1,3,yes,no,no,no,no,0,yes,furnished,3465000
408,4000,2,1,1,yes,no,no,no,no,0,no,unfurnished,3430000
409,3185,2,1,1,yes,no,no,no,no,2,no,unfurnished,3430000
410,3850,3,1,1,yes,no,no,no,no,0,no,unfurnished,3430000
411,2145,3,1,3,yes,no,no,no,no,0,yes,furnished,3430000
412,2610,3,1,2,yes,no,yes,no,no,0,yes,unfurnished,3430000
413,1950,3,2,2,yes,no,yes,no,no,0,yes,unfurnished,3430000
414,4040,2,1,1,yes,no,no,no,no,0,no,unfurnished,3423000
415,4785,3,1,2,yes,yes,yes,no,yes,1,no,furnished,3395000
416,3450,3,1,1,yes,no,yes,no,no,2,no,unfurnished,3395000
417,3640,2,1,1,yes,no,no,no,no,0,no,furnished,3395000
418,3500,4,1,2,yes,no,no,no,yes,2,no,unfurnished,3360000
419,4960,4,1,3,no,no,no,no,no,0,no,semi-furnished,3360000
420,4120,2,1,2,yes,no,no,no,no,0,no,unfurnished,3360000
421,4750,2,1,1,yes,no,no,no,no,0,no,unfurnished,3360000
422,3720,2,1,1,no,no,no,no,yes,0,no,unfurnished,3360000
423,3750,3,1,1,yes,no,no,no,no,0,no,unfurnished,3360000
424,3100,3,1,2,no,no,yes,no,no,0,no,semi-furnished,3360000
425,3185,2,1,1,yes,no,yes,no,no,2,no,furnished,3360000
426,2700,3,1,1,no,no,no,no,no,0,no,furnished,3353000
427,2145,3,1,2,yes,no,yes,no,no,0,yes,furnished,3332000
428,4040,2,1,1,yes,no,no,no,no,1,no,unfurnished,3325000
429,4775,4,1,2,yes,no,no,no,no,0,no,unfurnished,3325000
430,2500,2,1,1,no,no,no,no,yes,0,no,unfurnished,3290000
431,3180,4,1,2,yes,no,yes,no,yes,0,no,unfurnished,3290000
432,6060,3,1,1,yes,yes,yes,no,no,0,no,furnished,3290000
433,3480,4,1,2,no,no,no,no,no,1,no,semi-furnished,3290000
434,3792,4,1,2,yes,no,no,no,no,0,no,semi-furnished,3290000
435,4040,2,1,1,yes,no,no,no,no,0,no,unfurnished,3290000
436,2145,3,1,2,yes,no,yes,no,no,0,yes,furnished,3290000
437,5880,3,1,1,yes,no,no,no,no,1,no,unfurnished,3290000
438,4500,2,1,1,no,no,no,no,no,0,no,semi-furnished,3255000
439,3930,2,1,1,no,no,no,no,no,0,no,unfurnished,3255000
440,3640,4,1,2,yes,no,yes,no,no,0,no,unfurnished,3234000
441,4370,3,1,2,yes,no,no,no,no,0,no,unfurnished,3220000
442,2684,2,1,1,yes,no,no,no,yes,1,no,unfurnished,3220000
443,4320,3,1,1,no,no,no,no,no,1,no,unfurnished,3220000
444,3120,3,1,2,no,no,no,no,no,0,no,furnished,3220000
445,3450,1,1,1,yes,no,no,no,no,0,no,furnished,3150000
446,3986,2,2,1,no,yes,yes,no,no,1,no,unfurnished,3150000
447,3500,2,1,1,no,no,yes,no,no,0,no,semi-furnished,3150000
448,4095,2,1,1,yes,no,no,no,no,2,no,semi-furnished,3150000
449,1650,3,1,2,no,no,yes,no,no,0,no,unfurnished,3150000
450,3450,3,1,2,yes,no,yes,no,no,0,no,semi-furnished,3150000
451,6750,2,1,1,yes,no,no,no,no,0,no,semi-furnished,3150000
452,9000,3,1,2,yes,no,no,no,no,2,no,semi-furnished,3150000
453,3069,2,1,1,yes,no,no,no,no,1,no,unfurnished,3150000
454,4500,3,1,2,yes,no,no,no,yes,0,no,unfurnished,3143000
455,5495,3,1,1,yes,no,yes,no,no,0,no,unfurnished,3129000
456,2398,3,1,1,yes,no,no,no,no,0,yes,semi-furnished,3118850
457,3000,3,1,1,no,no,no,no,yes,0,no,unfurnished,3115000
458,3850,3,1,2,yes,no,no,no,no,0,no,unfurnished,3115000
459,3500,2,1,1,yes,no,no,no,no,0,no,unfurnished,3115000
460,8100,2,1,1,yes,no,no,no,no,1,no,unfurnished,3087000
461,4960,2,1,1,yes,no,yes,no,yes,0,no,unfurnished,3080000
462,2160,3,1,2,no,no,yes,no,no,0,no,semi-furnished,3080000
463,3090,2,1,1,yes,yes,yes,no,no,0,no,unfurnished,3080000
464,4500,2,1,2,yes,no,no,yes,no,1,no,semi-furnished,3080000
465,3800,2,1,1,yes,no,no,no,no,0,no,unfurnished,3045000
466,3090,3,1,2,no,no,no,no,no,0,no,semi-furnished,3010000
467,3240,3,1,2,yes,no,no,no,no,2,no,semi-furnished,3010000
468,2835,2,1,1,yes,no,no,no,no,0,no,semi-furnished,3010000
469,4600,2,1,1,yes,no,no,no,no,0,no,furnished,3010000
470,5076,3,1,1,no,no,no,no,no,0,no,unfurnished,3010000
471,3750,3,1,2,yes,no,no,no,no,0,no,unfurnished,3010000
472,3630,4,1,2,yes,no,no,no,no,3,no,semi-furnished,3010000
473,8050,2,1,1,yes,no,no,no,no,0,no,unfurnished,3003000
474,4352,4,1,2,no,no,no,no,no,1,no,unfurnished,2975000
475,3000,2,1,2,yes,no,no,no,no,0,no,semi-furnished,2961000
476,5850,3,1,2,yes,no,yes,no,no,1,no,unfurnished,2940000
477,4960,2,1,1,yes,no,no,no,no,0,no,unfurnished,2940000
478,3600,3,1,2,no,no,no,no,no,1,no,unfurnished,2940000
479,3660,4,1,2,no,no,no,no,no,0,no,unfurnished,2940000
480,3480,3,1,2,no,no,no,no,no,1,no,semi-furnished,2940000
481,2700,2,1,1,no,no,no,no,no,0,no,furnished,2940000
482,3150,3,1,2,no,no,no,no,no,0,no,unfurnished,2940000
483,6615,3,1,2,yes,no,no,no,no,0,no,semi-furnished,2940000
484,3040,2,1,1,no,no,no,no,no,0,no,unfurnished,2870000
485,3630,2,1,1,yes,no,no,no,no,0,no,unfurnished,2870000
486,6000,2,1,1,yes,no,no,no,no,0,no,semi-furnished,2870000
487,5400,4,1,2,yes,no,no,no,no,0,no,unfurnished,2870000
488,5200,4,1,3,yes,no,no,no,no,0,no,unfurnished,2852500
489,3300,3,1,2,no,no,no,no,no,1,no,semi-furnished,2835000
490,4350,3,1,2,no,no,no,yes,no,1,no,unfurnished,2835000
491,2640,2,1,1,no,no,no,no,no,1,no,furnished,2835000
492,2650,3,1,2,yes,no,yes,no,no,1,no,unfurnished,2800000
493,3960,3,1,1,yes,no,no,no,no,0,no,furnished,2800000
494,6800,2,1,1,yes,no,no,no,no,0,no,unfurnished,2730000
495,4000,3,1,2,yes,no,no,no,no,1,no,unfurnished,2730000
496,4000,2,1,1,yes,no,no,no,no,0,no,unfurnished,2695000
497,3934,2,1,1,yes,no,no,no,no,0,no,unfurnished,2660000
498,2000,2,1,2,yes,no,no,no,no,0,no,semi-furnished,2660000
499,3630,3,3,2,no,yes,no,no,no,0,no,unfurnished,2660000
500,2800,3,1,1,yes,no,no,no,no,0,no,unfurnished,2660000
501,2430,3,1,1,no,no,no,no,no,0,no,unfurnished,2660000
502,3480,2,1,1,yes,no,no,no,no,1,no,semi-furnished,2660000
503,4000,3,1,1,yes,no,no,no,no,0,no,semi-furnished,2660000
504,3185,2,1,1,yes,no,no,no,yes,0,no,unfurnished,2653000
505,4000,3,1,2,yes,no,no,no,yes,0,no,unfurnished,2653000
506,2910,2,1,1,no,no,no,no,no,0,no,unfurnished,2604000
507,3600,2,1,1,yes,no,no,no,no,0,no,unfurnished,2590000
508,4400,2,1,1,yes,no,no,no,no,0,no,unfurnished,2590000
509,3600,2,2,2,yes,no,yes,no,no,1,no,furnished,2590000
510,2880,3,1,1,no,no,no,no,no,0,no,unfurnished,2520000
511,3180,3,1,1,no,no,no,no,no,0,no,unfurnished,2520000
512,3000,2,1,2,yes,no,no,no,no,0,no,furnished,2520000
513,4400,3,1,2,yes,no,no,no,no,0,no,unfurnished,2485000
514,3000,3,1,2,no,no,no,no,no,0,no,semi-furnished,2485000
515,3210,3,1,2,yes,no,yes,no,no,0,no,unfurnished,2450000
516,3240,2,1,1,no,yes,no,no,no,1,no,unfurnished,2450000
517,3000,2,1,1,yes,no,no,no,no,1,no,unfurnished,2450000
518,3500,2,1,1,yes,yes,no,no,no,0,no,unfurnished,2450000
519,4840,2,1,2,yes,no,no,no,no,0,no,unfurnished,2450000
520,7700,2,1,1,yes,no,no,no,no,0,no,unfurnished,2450000
521,3635,2,1,1,no,no,no,no,no,0,no,unfurnished,2408000
522,2475,3,1,2,yes,no,no,no,no,0,no,furnished,2380000
523,2787,4,2,2,yes,no,no,no,no,0,no,furnished,2380000
524,3264,2,1,1,yes,no,no,no,no,0,no,unfurnished,2380000
525,3640,2,1,1,yes,no,no,no,no,0,no,unfurnished,2345000
526,3180,2,1,1,yes,no,no,no,no,0,no,unfurnished,2310000
527,1836,2,1,1,no,no,yes,no,no,0,no,semi-furnished,2275000
528,3970,1,1,1,no,no,no,no,no,0,no,unfurnished,2275000
529,3970,3,1,2,yes,no,yes,no,no,0,no,unfurnished,2275000
530,1950,3,1,1,no,no,no,yes,no,0,no,unfurnished,2240000
531,5300,3,1,1,no,no,no,no,yes,0,yes,unfurnished,2233000
532,3000,2,1,1,no,no,no,no,no,0,no,unfurnished,2135000
533,2400,3,1,2,yes,no,no,no,no,0,no,unfurnished,2100000
534,3000,4,1,2,yes,no,no,no,no,0,no,unfurnished,2100000
535,3360,2,1,1,yes,no,no,no,no,1,no,unfurnished,2100000
536,3420,5,1,2,no,no,no,no,no,0,no,unfurnished,1960000
537,1700,3,1,2,yes,no,no,no,no,0,no,unfurnished,1890000
538,3649,2,1,1,yes,no,no,no,no,0,no,unfurnished,1890000
539,2990,2,1,1,no,no,no,no,no,1,no,unfurnished,1855000
540,3000,2,1,1,yes,no,yes,no,no,2,no,unfurnished,1820000
541,2400,3,1,1,no,no,no,no,no,0,no,semi-furnished,1767150
542,3620,2,1,1,yes,no,no,no,no,0,no,unfurnished,1750000
543,2910,3,1,1,no,no,no,no,no,0,no,furnished,1750000
544,3850,3,1,2,yes,no,no,no,no,0,no,unfurnished,1750000
545,7420,4,2,3,yes,no,no,no,yes,2,yes,furnished,13300000
546,8960,4,4,4,yes,no,no,no,yes,3,no,furnished,12250000
547,9960,3,2,2,yes,no,yes,no,no,2,yes,semi-furnished,12250000
548,7500,4,2,2,yes,no,yes,no,yes,3,yes,furnished,12215000
549,7420,4,1,2,yes,yes,yes,no,yes,2,no,furnished,11410000
550,7500,3,3,1,yes,no,yes,no,yes,2,yes,semi-furnished,10850000
551,8580,4,3,4,yes,no,no,no,yes,2,yes,semi-furnished,10150000
552,16200,5,3,2,yes,no,no,no,no,0,no,unfurnished,10150000
553,8100,4,1,2,yes,yes,yes,no,yes,2,yes,furnished,9870000
554,5750,3,2,4,yes,yes,no,no,yes,1,yes,unfurnished,9800000
555,13200,3,1,2,yes,no,yes,no,yes,2,yes,furnished,9800000
556,6000,4,3,2,yes,yes,yes,yes,no,2,no,semi-furnished,9681000
557,6550,4,2,2,yes,no,no,no,yes,1,yes,semi-furnished,9310000
558,3500,4,2,2,yes,no,no,yes,no,2,no,furnished,9240000
559,7800,3,2,2,yes,no,no,no,no,0,yes,semi-furnished,9240000
560,6000,4,1,2,yes,no,yes,no,no,2,no,semi-furnished,9100000
561,6600,4,2,2,yes,yes,yes,no,yes,1,yes,unfurnished,9100000
562,8500,3,2,4,yes,no,no,no,yes,2,no,furnished,8960000
563,4600,3,2,2,yes,yes,no,no,yes,2,no,furnished,8890000
564,6420,3,2,2,yes,no,no,no,yes,1,yes,semi-furnished,8855000
565,4320,3,1,2,yes,no,yes,yes,no,2,no,semi-furnished,8750000
566,7155,3,2,1,yes,yes,yes,no,yes,2,no,unfurnished,8680000
567,8050,3,1,1,yes,yes,yes,no,yes,1,no,furnished,8645000
568,4560,3,2,2,yes,yes,yes,no,yes,1,no,furnished,8645000
569,8800,3,2,2,yes,no,no,no,yes,2,no,furnished,8575000
570,6540,4,2,2,yes,yes,yes,no,yes,2,yes,furnished,8540000
571,6000,3,2,4,yes,yes,yes,no,yes,0,yes,semi-furnished,8463000
572,8875,3,1,1,yes,no,no,no,no,1,no,semi-furnished,8400000
573,7950,5,2,2,yes,no,yes,yes,no,2,no,unfurnished,8400000
574,5500,4,2,2,yes,no,yes,no,yes,1,yes,semi-furnished,8400000
575,7475,3,2,4,yes,no,no,no,yes,2,no,unfurnished,8400000
576,7000,3,1,4,yes,no,no,no,yes,2,no,semi-furnished,8400000
577,4880,4,2,2,yes,no,no,no,yes,1,yes,furnished,8295000
578,5960,3,3,2,yes,yes,yes,no,no,1,no,unfurnished,8190000
579,6840,5,1,2,yes,yes,yes,no,yes,1,no,furnished,8120000
580,7000,3,2,4,yes,no,no,no,yes,2,no,furnished,8080940
581,7482,3,2,3,yes,no,no,yes,no,1,yes,furnished,8043000
582,9000,4,2,4,yes,no,no,no,yes,2,no,furnished,7980000
583,6000,3,1,4,yes,yes,no,no,yes,2,no,unfurnished,7962500
584,6000,4,2,4,yes,no,no,no,yes,1,no,semi-furnished,7910000
585,6550,3,1,2,yes,no,yes,no,yes,0,yes,furnished,7875000
586,6360,3,2,4,yes,no,no,no,yes,0,yes,furnished,7840000
587,6480,3,2,4,yes,no,no,no,yes,2,no,unfurnished,7700000
588,6000,4,2,4,yes,no,no,no,no,2,no,semi-furnished,7700000
589,6000,4,2,4,yes,no,no,no,yes,1,no,furnished,7560000
590,6000,3,2,3,yes,no,no,no,yes,0,no,semi-furnished,7560000
591,6000,3,2,4,yes,no,no,no,yes,1,no,furnished,7525000
592,6600,3,1,4,yes,no,no,no,yes,3,yes,furnished,7490000
593,4300,3,2,2,yes,no,yes,no,no,1,no,unfurnished,7455000
594,7440,3,2,1,yes,yes,yes,no,yes,0,yes,semi-furnished,7420000
595,7440,3,2,4,yes,no,no,no,no,1,yes,unfurnished,7420000
596,6325,3,1,4,yes,no,no,no,yes,1,no,unfurnished,7420000
597,6000,4,2,4,yes,yes,no,no,yes,1,no,furnished,7350000
598,5150,3,2,4,yes,no,no,no,yes,2,no,semi-furnished,7350000
599,6000,3,2,2,yes,yes,no,no,yes,1,no,semi-furnished,7350000
600,6000,3,1,2,yes,no,no,no,yes,1,no,unfurnished,7350000
601,11440,4,1,2,yes,no,yes,no,no,1,yes,semi-furnished,7343000
602,9000,4,2,4,yes,yes,no,no,yes,1,yes,furnished,7245000
603,7680,4,2,4,yes,yes,no,no,yes,1,no,semi-furnished,7210000
604,6000,3,2,4,yes,yes,no,no,yes,1,no,furnished,7210000
605,6000,3,2,2,yes,yes,no,no,no,1,no,semi-furnished,7140000
606,8880,2,1,1,yes,no,no,no,yes,1,no,semi-furnished,7070000
607,6240,4,2,2,yes,no,no,no,yes,1,no,furnished,7070000
608,6360,4,2,3,yes,no,no,no,yes,2,yes,furnished,7035000
609,11175,3,1,1,yes,no,yes,no,yes,1,yes,furnished,7000000
610,8880,3,2,2,yes,no,yes,no,yes,1,no,furnished,6930000
611,13200,2,1,1,yes,no,yes,yes,no,1,no,furnished,6930000
612,7700,3,2,1,yes,no,no,no,no,2,no,unfurnished,6895000
613,6000,3,1,1,yes,no,no,no,yes,1,no,furnished,6860000
614,12090,4,2,2,yes,no,no,no,no,2,yes,furnished,6790000
615,4000,3,2,2,yes,no,yes,no,yes,0,yes,semi-furnished,6790000
616,6000,4,2,4,yes,no,no,no,yes,0,no,unfurnished,6755000
617,5020,3,1,4,yes,no,no,no,yes,0,yes,unfurnished,6720000
618,6600,2,2,4,yes,no,yes,no,no,0,yes,furnished,6685000
619,4040,3,1,2,yes,no,yes,yes,no,1,no,furnished,6650000
620,4260,4,2,2,yes,no,no,yes,no,0,no,semi-furnished,6650000
621,6420,3,2,3,yes,no,no,no,yes,0,yes,furnished,6650000
622,6500,3,2,3,yes,no,no,no,yes,0,yes,furnished,6650000
623,5700,3,1,1,yes,yes,yes,no,yes,2,yes,furnished,6650000
624,6000,3,2,3,yes,yes,no,no,yes,0,no,furnished,6650000
625,6000,3,1,2,yes,no,no,yes,no,1,yes,semi-furnished,6629000
626,4000,3,2,2,yes,no,yes,no,yes,1,no,semi-furnished,6615000
627,10500,3,2,1,yes,no,yes,no,yes,1,yes,furnished,6615000
628,6000,3,2,4,yes,no,no,no,yes,0,no,semi-furnished,6580000
629,3760,3,1,2,yes,no,no,yes,no,2,no,semi-furnished,6510000
630,8250,3,2,3,yes,no,no,no,yes,0,no,furnished,6510000
631,6670,3,1,3,yes,no,yes,no,no,0,yes,unfurnished,6510000
632,3960,3,1,1,yes,no,yes,no,no,2,no,semi-furnished,6475000
633,7410,3,1,1,yes,yes,yes,no,yes,2,yes,unfurnished,6475000
634,8580,5,3,2,yes,no,no,no,no,2,no,furnished,6440000
635,5000,3,1,2,yes,no,no,no,yes,0,no,semi-furnished,6440000
636,6750,2,1,1,yes,yes,yes,no,no,2,yes,furnished,6419000
637,4800,3,2,4,yes,yes,no,no,yes,0,no,furnished,6405000
638,7200,3,2,1,yes,no,yes,no,yes,3,no,semi-furnished,6300000
639,6000,4,2,4,yes,no,no,no,no,1,no,semi-furnished,6300000
640,4100,3,2,3,yes,no,no,no,yes,2,no,semi-furnished,6300000
641,9000,3,1,1,yes,no,yes,no,no,1,yes,furnished,6300000
642,6400,3,1,1,yes,yes,yes,no,yes,1,yes,semi-furnished,6300000
643,6600,3,2,3,yes,no,no,no,yes,0,yes,unfurnished,6293000
644,6000,4,1,3,yes,yes,yes,no,no,0,yes,unfurnished,6265000
645,6600,3,2,1,yes,no,yes,no,yes,0,yes,unfurnished,6230000
646,5500,3,1,3,yes,no,no,no,no,1,yes,unfurnished,6230000
647,5500,3,2,4,yes,yes,no,no,yes,1,no,semi-furnished,6195000
648,6350,3,2,3,yes,yes,no,no,yes,0,no,furnished,6195000
649,5500,3,2,1,yes,yes,yes,no,no,2,yes,furnished,6195000
650,4500,3,1,4,yes,no,no,no,yes,0,no,unfurnished,6160000
651,5450,4,2,1,yes,no,yes,no,yes,0,yes,semi-furnished,6160000
652,6420,3,1,3,yes,no,yes,no,no,0,yes,unfurnished,6125000
653,3240,4,1,3,yes,no,no,no,no,1,no,semi-furnished,6107500
654,6615,4,2,2,yes,yes,no,yes,no,1,no,semi-furnished,6090000
655,6600,3,1,1,yes,yes,yes,no,no,2,yes,semi-furnished,6090000
656,8372,3,1,3,yes,no,no,no,yes,2,no,unfurnished,6090000
657,4300,6,2,2,yes,no,no,no,no,0,no,furnished,6083000
658,9620,3,1,1,yes,no,yes,no,no,2,yes,furnished,6083000
659,6800,2,1,1,yes,yes,yes,no,no,2,no,furnished,6020000
660,8000,3,1,1,yes,yes,yes,no,yes,2,yes,semi-furnished,6020000
661,6900,3,2,1,yes,yes,yes,no,no,0,yes,unfurnished,6020000
662,3700,4,1,2,yes,yes,no,no,yes,0,no,furnished,5950000
663,6420,3,1,1,yes,no,yes,no,yes,0,yes,furnished,5950000
664,7020,3,1,1,yes,no,yes,no,yes,2,yes,semi-furnished,5950000
665,6540,3,1,1,yes,yes,yes,no,no,2,yes,furnished,5950000
666,7231,3,1,2,yes,yes,yes,no,yes,0,yes,semi-furnished,5950000
667,6254,4,2,1,yes,no,yes,no,no,1,yes,semi-furnished,5950000
668,7320,4,2,2,yes,no,no,no,no,0,no,furnished,5950000
669,6525,3,2,4,yes,no,no,no,no,1,no,furnished,5950000
670,15600,3,1,1,yes,no,no,no,yes,2,no,semi-furnished,5943000
671,7160,3,1,1,yes,no,yes,no,no,2,yes,unfurnished,5880000
672,6500,3,2,3,yes,no,no,no,yes,0,no,unfurnished,5880000
673,5500,3,1,3,yes,yes,no,no,yes,1,no,furnished,5873000
674,11460,3,1,3,yes,no,no,no,no,2,yes,semi-furnished,5873000
675,4800,3,1,1,yes,yes,yes,no,no,0,no,unfurnished,5866000
676,5828,4,1,4,yes,yes,no,no,no,0,no,semi-furnished,5810000
677,5200,3,1,3,yes,no,no,no,yes,0,no,semi-furnished,5810000
678,4800,3,1,3,yes,no,no,no,yes,0,no,unfurnished,5810000
679,7000,3,1,1,yes,no,yes,no,no,2,yes,semi-furnished,5803000
680,6000,3,2,4,yes,no,no,no,yes,0,no,unfurnished,5775000
681,5400,4,2,2,yes,no,no,no,yes,2,no,unfurnished,5740000
682,4640,4,1,2,yes,no,no,no,no,1,no,semi-furnished,5740000
683,5000,3,1,3,yes,no,no,no,yes,0,no,semi-furnished,5740000
684,6360,3,1,1,yes,yes,yes,no,yes,2,yes,furnished,5740000
685,5800,3,2,4,yes,no,no,no,yes,0,no,unfurnished,5740000
686,6660,4,2,2,yes,yes,yes,no,no,1,yes,semi-furnished,5652500
687,10500,4,2,2,yes,no,no,no,no,1,no,semi-furnished,5600000
688,4800,5,2,3,no,no,yes,yes,no,0,no,unfurnished,5600000
689,4700,4,1,2,yes,yes,yes,no,yes,1,no,furnished,5600000
690,5000,3,1,4,yes,no,no,no,no,0,no,furnished,5600000
691,10500,2,1,1,yes,no,no,no,no,1,no,semi-furnished,5600000
692,5500,3,2,2,yes,no,no,no,no,1,no,semi-furnished,5600000
693,6360,3,1,3,yes,no,no,no,no,0,yes,semi-furnished,5600000
694,6600,4,2,1,yes,no,yes,no,no,0,yes,semi-furnished,5600000
695,5136,3,1,2,yes,yes,yes,no,yes,0,yes,unfurnished,5600000
696,4400,4,1,2,yes,no,no,no,yes,2,yes,semi-furnished,5565000
697,5400,5,1,2,yes,yes,yes,no,yes,0,yes,furnished,5565000
698,3300,3,3,2,yes,no,yes,no,no,0,no,semi-furnished,5530000
699,3650,3,2,2,yes,no,no,no,no,2,no,semi-furnished,5530000
700,6100,3,2,1,yes,no,yes,no,no,2,yes,furnished,5530000
701,6900,3,1,1,yes,yes,yes,no,no,0,yes,semi-furnished,5523000
702,2817,4,2,2,no,yes,yes,no,no,1,no,furnished,5495000
703,7980,3,1,1,yes,no,no,no,no,2,no,semi-furnished,5495000
704,3150,3,2,1,yes,yes,yes,no,yes,0,no,furnished,5460000
705,6210,4,1,4,yes,yes,no,no,yes,0,no,furnished,5460000
706,6100,3,1,3,yes,yes,no,no,yes,0,yes,semi-furnished,5460000
707,6600,4,2,2,yes,yes,yes,no,no,0,yes,semi-furnished,5460000
708,6825,3,1,1,yes,yes,yes,no,yes,0,yes,semi-furnished,5425000
709,6710,3,2,2,yes,yes,yes,no,no,1,yes,furnished,5390000
710,6450,3,2,1,yes,yes,yes,yes,no,0,no,unfurnished,5383000
711,7800,3,1,1,yes,no,yes,no,yes,2,yes,unfurnished,5320000
712,4600,2,2,1,yes,no,no,no,yes,2,no,semi-furnished,5285000
713,4260,4,1,2,yes,no,yes,no,yes,0,no,furnished,5250000
714,6540,4,2,2,no,no,no,no,yes,0,no,semi-furnished,5250000
715,5500,3,2,1,yes,no,yes,no,no,0,no,semi-furnished,5250000
716,10269,3,1,1,yes,no,no,no,no,1,yes,semi-furnished,5250000
717,8400,3,1,2,yes,yes,yes,no,yes,2,yes,unfurnished,5250000
718,5300,4,2,1,yes,no,no,no,yes,0,yes,unfurnished,5250000
719,3800,3,1,2,yes,yes,yes,no,no,1,yes,unfurnished,5250000
720,9800,4,2,2,yes,yes,no,no,no,2,no,semi-furnished,5250000
721,8520,3,1,1,yes,no,no,no,yes,2,no,furnished,5250000
722,6050,3,1,1,yes,no,yes,no,no,0,yes,semi-furnished,5243000
723,7085,3,1,1,yes,yes,yes,no,no,2,yes,semi-furnished,5229000
724,3180,3,2,2,yes,no,no,no,no,2,no,semi-furnished,5215000
725,4500,4,2,1,no,no,yes,no,yes,2,no,semi-furnished,5215000
726,7200,3,1,2,yes,yes,yes,no,no,1,yes,furnished,5215000
727,3410,3,1,2,no,no,no,no,yes,0,no,semi-furnished,5145000
728,7980,3,1,1,yes,no,no,no,no,1,yes,semi-furnished,5145000
729,3000,3,2,2,yes,yes,yes,no,no,0,no,furnished,5110000
730,3000,3,1,2,yes,no,yes,no,no,0,no,unfurnished,5110000
731,11410,2,1,2,yes,no,no,no,no,0,yes,furnished,5110000
732,6100,3,1,1,yes,no,yes,no,yes,0,yes,semi-furnished,5110000
733,5720,2,1,2,yes,no,no,no,yes,0,yes,unfurnished,5075000
734,3540,2,1,1,no,yes,yes,no,no,0,no,semi-furnished,5040000
735,7600,4,1,2,yes,no,no,no,yes,2,no,furnished,5040000
736,10700,3,1,2,yes,yes,yes,no,no,0,no,semi-furnished,5040000
737,6600,3,1,1,yes,yes,yes,no,no,0,yes,furnished,5040000
738,4800,2,1,1,yes,yes,yes,no,no,0,no,semi-furnished,5033000
739,8150,3,2,1,yes,yes,yes,no,no,0,no,semi-furnished,5005000
740,4410,4,3,2,yes,no,yes,no,no,2,no,semi-furnished,4970000
741,7686,3,1,1,yes,yes,yes,yes,no,0,no,semi-furnished,4970000
742,2800,3,2,2,no,no,yes,no,yes,1,no,semi-furnished,4956000
743,5948,3,1,2,yes,no,no,no,yes,0,no,semi-furnished,4935000
744,4200,3,1,2,yes,no,no,no,no,1,no,furnished,4907000
745,4520,3,1,2,yes,no,yes,no,yes,0,no,semi-furnished,4900000
746,4095,3,1,2,no,yes,yes,no,yes,0,no,semi-furnished,4900000
747,4120,2,1,1,yes,no,yes,no,no,1,no,semi-furnished,4900000
748,5400,4,1,2,yes,no,no,no,no,0,no,semi-furnished,4900000
749,4770,3,1,1,yes,yes,yes,no,no,0,no,semi-furnished,4900000
750,6300,3,1,1,yes,no,no,no,yes,2,no,semi-furnished,4900000
751,5800,2,1,1,yes,yes,yes,no,yes,0,no,semi-furnished,4900000
752,3000,3,1,2,yes,no,yes,no,yes,0,no,semi-furnished,4900000
753,2970,3,1,3,yes,no,no,no,no,0,no,semi-furnished,4900000
754,6720,3,1,1,yes,no,no,no,no,0,no,unfurnished,4900000
755,4646,3,1,2,yes,yes,yes,no,no,2,no,semi-furnished,4900000
756,12900,3,1,1,yes,no,no,no,no,2,no,furnished,4900000
757,3420,4,2,2,yes,no,yes,no,yes,2,no,semi-furnished,4893000
758,4995,4,2,1,yes,no,yes,no,no,0,no,semi-furnished,4893000
759,4350,2,1,1,yes,no,yes,no,no,0,no,unfurnished,4865000
760,4160,3,1,3,yes,no,no,no,no,0,no,unfurnished,4830000
761,6040,3,1,1,yes,no,no,no,no,2,yes,semi-furnished,4830000
762,6862,3,1,2,yes,no,no,no,yes,2,yes,furnished,4830000
763,4815,2,1,1,yes,no,no,no,yes,0,yes,semi-furnished,4830000
764,7000,3,1,2,yes,no,yes,no,no,0,no,unfurnished,4795000
765,8100,4,1,4,yes,no,yes,no,yes,2,no,semi-furnished,4795000
766,3420,4,2,2,yes,no,no,no,no,0,no,semi-furnished,4767000
767,9166,2,1,1,yes,no,yes,no,yes,2,no,semi-furnished,4760000
768,6321,3,1,2,yes,no,yes,no,yes,1,no,furnished,4760000
769,10240,2,1,1,yes,no,no,no,yes,2,yes,unfurnished,4760000
770,6440,2,1,1,yes,no,no,no,yes,3,no,semi-furnished,4753000
771,5170,3,1,4,yes,no,no,no,yes,0,no,semi-furnished,4690000
772,6000,2,1,1,yes,no,yes,no,yes,1,no,furnished,4690000
773,3630,3,1,2,yes,no,no,no,no,2,no,semi-furnished,4690000
774,9667,4,2,2,yes,yes,yes,no,no,1,no,semi-furnished,4690000
775,5400,2,1,2,yes,no,no,no,no,0,yes,semi-furnished,4690000
776,4320,3,1,1,yes,no,no,no,no,0,yes,semi-furnished,4690000
777,3745,3,1,2,yes,no,yes,no,no,0,no,furnished,4655000
778,4160,3,1,1,yes,yes,yes,no,yes,0,no,unfurnished,4620000
779,3880,3,2,2,yes,no,yes,no,no,2,no,semi-furnished,4620000
780,5680,3,1,2,yes,yes,no,no,yes,1,no,semi-furnished,4620000
781,2870,2,1,2,yes,yes,yes,no,no,0,yes,semi-furnished,4620000
782,5010,3,1,2,yes,no,yes,no,no,0,no,semi-furnished,4620000
783,4510,4,2,2,yes,no,yes,no,no,0,no,semi-furnished,4613000
784,4000,3,1,2,yes,no,no,no,no,1,no,furnished,4585000
785,3840,3,1,2,yes,no,no,no,no,1,yes,semi-furnished,4585000
786,3760,3,1,1,yes,no,no,no,no,2,no,semi-furnished,4550000
787,3640,3,1,2,yes,no,no,no,yes,0,no,furnished,4550000
788,2550,3,1,2,yes,no,yes,no,no,0,no,furnished,4550000
789,5320,3,1,2,yes,yes,yes,no,no,0,yes,semi-furnished,4550000
790,5360,3,1,2,yes,no,no,no,no,2,yes,unfurnished,4550000
791,3520,3,1,1,yes,no,no,no,no,0,yes,semi-furnished,4550000
792,8400,4,1,4,yes,no,no,no,no,3,no,unfurnished,4550000
793,4100,2,2,1,yes,yes,yes,no,no,0,no,semi-furnished,4543000
794,4990,4,2,2,yes,yes,yes,no,no,0,yes,furnished,4543000
795,3510,3,1,3,yes,no,no,no,no,0,no,semi-furnished,4515000
796,3450,3,1,2,yes,no,yes,no,no,1,no,semi-furnished,4515000
797,9860,3,1,1,yes,no,no,no,no,0,no,semi-furnished,4515000
798,3520,2,1,2,yes,no,no,no,no,0,yes,furnished,4515000
799,4510,4,1,2,yes,no,no,no,yes,2,no,semi-furnished,4480000
800,5885,2,1,1,yes,no,no,no,yes,1,no,unfurnished,4480000
801,4000,3,1,2,yes,no,no,no,no,2,no,furnished,4480000
802,8250,3,1,1,yes,no,no,no,no,0,no,furnished,4480000
803,4040,3,1,2,yes,no,no,no,no,1,no,semi-furnished,4480000
804,6360,2,1,1,yes,no,yes,no,yes,1,no,furnished,4473000
805,3162,3,1,2,yes,no,no,no,yes,1,no,furnished,4473000
806,3510,3,1,2,yes,no,no,no,no,0,no,semi-furnished,4473000
807,3750,2,1,1,yes,yes,yes,no,no,0,no,semi-furnished,4445000
808,3968,3,1,2,no,no,no,no,no,0,no,semi-furnished,4410000
809,4900,2,1,2,yes,no,yes,no,no,0,no,semi-furnished,4410000
810,2880,3,1,2,yes,no,no,no,no,0,yes,semi-furnished,4403000
811,4880,3,1,1,yes,no,no,no,no,2,yes,unfurnished,4403000
812,4920,3,1,2,yes,no,no,no,no,1,no,semi-furnished,4403000
813,4950,4,1,2,yes,no,no,no,yes,0,no,semi-furnished,4382000
814,3900,3,1,2,yes,no,no,no,no,0,no,unfurnished,4375000
815,4500,3,2,3,yes,no,no,yes,no,1,no,furnished,4340000
816,1905,5,1,2,no,no,yes,no,no,0,no,semi-furnished,4340000
817,4075,3,1,1,yes,yes,yes,no,no,2,no,semi-furnished,4340000
818,3500,4,1,2,yes,no,no,no,no,2,no,furnished,4340000
819,6450,4,1,2,yes,no,no,no,no,0,no,semi-furnished,4340000
820,4032,2,1,1,yes,no,yes,no,no,0,no,furnished,4319000
821,4400,2,1,1,yes,no,no,no,no,1,no,semi-furnished,4305000
822,10360,2,1,1,yes,no,no,no,no,1,yes,semi-furnished,4305000
823,3400,3,1,2,yes,no,yes,no,no,2,yes,semi-furnished,4277000
824,6360,2,1,1,yes,no,no,no,no,0,no,furnished,4270000
825,6360,2,1,2,yes,no,no,no,no,0,no,unfurnished,4270000
826,4500,2,1,1,yes,no,no,no,yes,2,no,furnished,4270000
827,2175,3,1,2,no,yes,yes,no,yes,0,no,unfurnished,4270000
828,4360,4,1,2,yes,no,no,no,no,0,no,furnished,4270000
829,7770,2,1,1,yes,no,no,no,no,1,no,furnished,4270000
830,6650,3,1,2,yes,yes,no,no,no,0,no,semi-furnished,4235000
831,2787,3,1,1,yes,no,yes,no,no,0,yes,furnished,4235000
832,5500,3,1,2,yes,no,no,no,yes,0,no,unfurnished,4200000
833,5040,3,1,2,yes,no,yes,no,yes,0,no,unfurnished,4200000
834,5850,2,1,1,yes,yes,yes,no,no,2,no,semi-furnished,4200000
835,2610,4,3,2,no,no,no,no,no,0,no,semi-furnished,4200000
836,2953,3,1,2,yes,no,yes,no,yes,0,no,unfurnished,4200000
837,2747,4,2,2,no,no,no,no,no,0,no,semi-furnished,4200000
838,4410,2,1,1,no,no,no,no,no,1,no,unfurnished,4200000
839,4000,4,2,2,no,no,no,no,no,0,no,semi-furnished,4200000
840,2325,3,1,2,no,no,no,no,no,0,no,semi-furnished,4200000
841,4600,3,2,2,yes,no,no,no,yes,1,no,semi-furnished,4200000
842,3640,3,2,2,yes,no,yes,no,no,0,no,unfurnished,4200000
843,5800,3,1,1,yes,no,no,yes,no,2,no,semi-furnished,4200000
844,7000,3,1,1,yes,no,no,no,no,3,no,furnished,4200000
845,4079,3,1,3,yes,no,no,no,no,0,no,semi-furnished,4200000
846,3520,3,1,2,yes,no,no,no,no,0,yes,semi-furnished,4200000
847,2145,3,1,3,yes,no,no,no,no,1,yes,unfurnished,4200000
848,4500,3,1,1,yes,no,yes,no,no,0,no,furnished,4200000
849,8250,3,1,1,yes,no,yes,no,no,3,no,semi-furnished,4193000
850,3450,3,1,2,yes,no,no,no,no,1,no,semi-furnished,4193000
851,4840,3,1,2,yes,no,no,no,no,1,no,semi-furnished,4165000
852,4080,3,1,2,yes,no,no,no,no,2,no,semi-furnished,4165000
853,4046,3,1,2,yes,no,yes,no,no,1,no,semi-furnished,4165000
854,4632,4,1,2,yes,no,no,no,yes,0,no,semi-furnished,4130000
855,5985,3,1,1,yes,no,yes,no,no,0,no,semi-furnished,4130000
856,6060,2,1,1,yes,no,yes,no,no,1,no,semi-furnished,4123000
857,3600,3,1,1,yes,no,yes,no,yes,0,yes,furnished,4098500
858,3680,3,2,2,yes,no,no,no,no,0,no,semi-furnished,4095000
859,4040,2,1,2,yes,no,no,no,no,1,no,semi-furnished,4095000
860,5600,2,1,1,yes,no,no,no,yes,0,no,semi-furnished,4095000
861,5900,4,2,2,no,no,yes,no,no,1,no,unfurnished,4060000
862,4992,3,2,2,yes,no,no,no,no,2,no,unfurnished,4060000
863,4340,3,1,1,yes,no,no,no,no,0,no,semi-furnished,4060000
864,3000,4,1,3,yes,no,yes,no,yes,2,no,semi-furnished,4060000
865,4320,3,1,2,yes,no,no,no,no,2,yes,furnished,4060000
866,3630,3,2,2,yes,no,no,yes,no,2,no,semi-furnished,4025000
867,3460,3,2,1,yes,no,yes,no,yes,1,no,furnished,4025000
868,5400,3,1,1,yes,no,no,no,no,3,no,semi-furnished,4025000
869,4500,3,1,2,no,no,yes,no,yes,0,no,semi-furnished,4007500
870,3460,4,1,2,yes,no,no,no,yes,0,no,semi-furnished,4007500
871,4100,4,1,1,no,no,yes,no,no,0,no,unfurnished,3990000
872,6480,3,1,2,no,no,no,no,yes,1,no,semi-furnished,3990000
873,4500,3,2,2,no,no,yes,no,yes,0,no,semi-furnished,3990000
874,3960,3,1,2,yes,no,no,no,no,0,no,furnished,3990000
875,4050,2,1,2,yes,yes,yes,no,no,0,yes,unfurnished,3990000
876,7260,3,2,1,yes,yes,yes,no,no,3,no,furnished,3920000
877,5500,4,1,2,yes,yes,yes,no,no,0,no,semi-furnished,3920000
878,3000,3,1,2,yes,no,no,no,no,0,no,semi-furnished,3920000
879,3290,2,1,1,yes,no,no,yes,no,1,no,furnished,3920000
880,3816,2,1,1,yes,no,yes,no,yes,2,no,furnished,3920000
881,8080,3,1,1,yes,no,no,no,yes,2,no,semi-furnished,3920000
882,2145,4,2,1,yes,no,yes,no,no,0,yes,unfurnished,3920000
883,3780,2,1,2,yes,yes,yes,no,no,0,no,semi-furnished,3885000
884,3180,4,2,2,yes,no,no,no,no,0,no,furnished,3885000
885,5300,5,2,2,yes,no,no,no,no,0,no,semi-furnished,3850000
886,3180,2,2,1,yes,no,yes,no,no,2,no,semi-furnished,3850000
887,7152,3,1,2,yes,no,no,no,yes,0,no,furnished,3850000
888,4080,2,1,1,yes,no,no,no,no,0,no,semi-furnished,3850000
889,3850,2,1,1,yes,no,no,no,no,0,no,semi-furnished,3850000
890,2015,3,1,2,yes,no,yes,no,no,0,yes,semi-furnished,3850000
891,2176,2,1,2,yes,yes,no,no,no,0,yes,semi-furnished,3850000
892,3350,3,1,2,yes,no,no,no,no,0,no,unfurnished,3836000
893,3150,2,2,1,no,no,yes,no,no,0,no,semi-furnished,3815000
894,4820,3,1,2,yes,no,no,no,no,0,no,semi-furnished,3780000
895,3420,2,1,2,yes,no,no,yes,no,1,no,semi-furnished,3780000
896,3600,2,1,1,yes,no,no,no,no,0,no,semi-furnished,3780000
897,5830,2,1,1,yes,no,no,no,no,2,no,unfurnished,3780000
898,2856,3,1,3,yes,no,no,no,no,0,yes,furnished,3780000
899,8400,2,1,1,yes,no,no,no,no,1,no,furnished,3780000
900,8250,3,1,1,yes,no,no,no,no,2,no,furnished,3773000
901,2520,5,2,1,no,no,yes,no,yes,1,no,furnished,3773000
902,6930,4,1,2,no,no,no,no,no,1,no,furnished,3773000
903,3480,2,1,1,yes,no,no,no,no,0,yes,semi-furnished,3745000
904,3600,3,1,1,yes,no,no,no,no,1,no,unfurnished,3710000
905,4040,2,1,1,yes,no,no,no,no,0,no,semi-furnished,3710000
906,6020,3,1,1,yes,no,no,no,no,0,no,semi-furnished,3710000
907,4050,2,1,1,yes,no,no,no,no,0,no,furnished,3710000
908,3584,2,1,1,yes,no,no,yes,no,0,no,semi-furnished,3710000
909,3120,3,1,2,no,no,yes,yes,no,0,no,semi-furnished,3703000
910,5450,2,1,1,yes,no,no,no,no,0,no,furnished,3703000
911,3630,2,1,1,yes,no,yes,no,no,0,no,furnished,3675000
912,3630,2,1,1,yes,no,no,no,yes,0,no,unfurnished,3675000
913,5640,2,1,1,no,no,no,no,no,0,no,semi-furnished,3675000
914,3600,2,1,1,yes,no,no,no,no,0,no,furnished,3675000
915,4280,2,1,1,yes,no,no,no,yes,2,no,semi-furnished,3640000
916,3570,3,1,2,yes,no,yes,no,no,0,no,semi-furnished,3640000
917,3180,3,1,2,no,no,yes,no,no,0,no,semi-furnished,3640000
918,3000,2,1,2,yes,no,no,no,yes,0,no,furnished,3640000
919,3520,2,2,1,yes,no,yes,no,no,0,no,semi-furnished,3640000
920,5960,3,1,2,yes,yes,yes,no,no,0,no,unfurnished,3640000
921,4130,3,2,2,yes,no,no,no,no,2,no,semi-furnished,3640000
922,2850,3,2,2,no,no,yes,no,no,0,yes,unfurnished,3640000
923,2275,3,1,3,yes,no,no,yes,yes,0,yes,semi-furnished,3640000
924,3520,3,1,1,yes,no,no,no,no,2,yes,unfurnished,3633000
925,4500,2,1,1,yes,no,no,no,no,0,no,semi-furnished,3605000
926,4000,2,1,1,yes,no,no,no,no,0,yes,semi-furnished,3605000
927,3150,3,1,2,yes,no,yes,no,no,0,no,furnished,3570000
928,4500,4,2,2,yes,no,yes,no,no,2,no,furnished,3570000
929,4500,2,1,1,no,no,no,no,no,0,no,furnished,3570000
930,3640,2,1,1,yes,no,no,no,no,0,no,unfurnished,3570000
931,3850,3,1,1,yes,no,no,no,no,2,no,unfurnished,3535000
932,4240,3,1,2,yes,no,no,no,yes,0,no,semi-furnished,3500000
933,3650,3,1,2,yes,no,no,no,no,0,no,unfurnished,3500000
934,4600,4,1,2,yes,no,no,no,no,0,no,semi-furnished,3500000
935,2135,3,2,2,no,no,no,no,no,0,no,unfurnished,3500000
936,3036,3,1,2,yes,no,yes,no,no,0,no,semi-furnished,3500000
937,3990,3,1,2,yes,no,no,no,no,0,no,semi-furnished,3500000
938,7424,3,1,1,no,no,no,no,no,0,no,unfurnished,3500000
939,3480,3,1,1,no,no,no,no,yes,0,no,unfurnished,3500000
940,3600,6,1,2,yes,no,no,no,no,1,no,unfurnished,3500000
941,3640,2,1,1,yes,no,no,no,no,1,no,semi-furnished,3500000
942,5900,2,1,1,yes,no,no,no,no,1,no,furnished,3500000
943,3120,3,1,2,yes,no,no,no,no,1,no,unfurnished,3500000
944,7350,2,1,1,yes,no,no,no,no,1,no,semi-furnished,3500000
945,3512,2,1,1,yes,no,no,no,no,1,yes,unfurnished,3500000
946,9500,3,1,2,yes,no,no,no,no,3,yes,unfurnished,3500000
947,5880,2,1,1,yes,no,no,no,no,0,no,unfurnished,3500000
948,12944,3,1,1,yes,no,no,no,no,0,no,unfurnished,3500000
949,4900,3,1,2,no,no,no,no,no,0,no,unfurnished,3493000
950,3060,3,1,1,yes,no,no,no,no,0,no,unfurnished,3465000
951,5320,2,1,1,yes,no,no,no,no,1,yes,unfurnished,3465000
952,2145,3,1,3,yes,no,no,no,no,0,yes,furnished,3465000
953,4000,2,1,1,yes,no,no,no,no,0,no,unfurnished,3430000
954,3185,2,1,1,yes,no,no,no,no,2,no,unfurnished,3430000
955,3850,3,1,1,yes,no,no,no,no,0,no,unfurnished,3430000
956,2145,3,1,3,yes,no,no,no,no,0,yes,furnished,3430000
957,2610,3,1,2,yes,no,yes,no,no,0,yes,unfurnished,3430000
958,1950,3,2,2,yes,no,yes,no,no,0,yes,unfurnished,3430000
959,4040,2,1,1,yes,no,no,no,no,0,no,unfurnished,3423000
960,4785,3,1,2,yes,yes,yes,no,yes,1,no,furnished,3395000
961,3450,3,1,1,yes,no,yes,no,no,2,no,unfurnished,3395000
962,3640,2,1,1,yes,no,no,no,no,0,no,furnished,3395000
963,3500,4,1,2,yes,no,no,no,yes,2,no,unfurnished,3360000
964,4960,4,1,3,no,no,no,no,no,0,no,semi-furnished,3360000
965,4120,2,1,2,yes,no,no,no,no,0,no,unfurnished,3360000
966,4750,2,1,1,yes,no,no,no,no,0,no,unfurnished,3360000
967,3720,2,1,1,no,no,no,no,yes,0,no,unfurnished,3360000
968,3750,3,1,1,yes,no,no,no,no,0,no,unfurnished,3360000
969,3100,3,1,2,no,no,yes,no,no,0,no,semi-furnished,3360000
970,3185,2,1,1,yes,no,yes,no,no,2,no,furnished,3360000
971,2700,3,1,1,no,no,no,no,no,0,no,furnished,3353000
972,2145,3,1,2,yes,no,yes,no,no,0,yes,furnished,3332000
973,4040,2,1,1,yes,no,no,no,no,1,no,unfurnished,3325000
974,4775,4,1,2,yes,no,no,no,no,0,no,unfurnished,3325000
975,2500,2,1,1,no,no,no,no,yes,0,no,unfurnished,3290000
976,3180,4,1,2,yes,no,yes,no,yes,0,no,unfurnished,3290000
977,6060,3,1,1,yes,yes,yes,no,no,0,no,furnished,3290000
978,3480,4,1,2,no,no,no,no,no,1,no,semi-furnished,3290000
979,3792,4,1,2,yes,no,no,no,no,0,no,semi-furnished,3290000
980,4040,2,1,1,yes,no,no,no,no,0,no,unfurnished,3290000
981,2145,3,1,2,yes,no,yes,no,no,0,yes,furnished,3290000
982,5880,3,1,1,yes,no,no,no,no,1,no,unfurnished,3290000
983,4500,2,1,1,no,no,no,no,no,0,no,semi-furnished,3255000
984,3930,2,1,1,no,no,no,no,no,0,no,unfurnished,3255000
985,3640,4,1,2,yes,no,yes,no,no,0,no,unfurnished,3234000
986,4370,3,1,2,yes,no,no,no,no,0,no,unfurnished,3220000
987,2684,2,1,1,yes,no,no,no,yes,1,no,unfurnished,3220000
988,4320,3,1,1,no,no,no,no,no,1,no,unfurnished,3220000
989,3120,3,1,2,no,no,no,no,no,0,no,furnished,3220000
990,3450,1,1,1,yes,no,no,no,no,0,no,furnished,3150000
991,3986,2,2,1,no,yes,yes,no,no,1,no,unfurnished,3150000
992,3500,2,1,1,no,no,yes,no,no,0,no,semi-furnished,3150000
993,4095,2,1,1,yes,no,no,no,no,2,no,semi-furnished,3150000
994,1650,3,1,2,no,no,yes,no,no,0,no,unfurnished,3150000
995,3450,3,1,2,yes,no,yes,no,no,0,no,semi-furnished,3150000
996,6750,2,1,1,yes,no,no,no,no,0,no,semi-furnished,3150000
997,9000,3,1,2,yes,no,no,no,no,2,no,semi-furnished,3150000
998,3069,2,1,1,yes,no,no,no,no,1,no,unfurnished,3150000
999,4500,3,1,2,yes,no,no,no,yes,0,no,unfurnished,3143000
1000,5495,3,1,1,yes,no,yes,no,no,0,no,unfurnished,3129000
1001,2398,3,1,1,yes,no,no,no,no,0,yes,semi-furnished,3118850
1002,3000,3,1,1,no,no,no,no,yes,0,no,unfurnished,3115000
1003,3850,3,1,2,yes,no,no,no,no,0,no,unfurnished,3115000
1004,3500,2,1,1,yes,no,no,no,no,0,no,unfurnished,3115000
1005,8100,2,1,1,yes,no,no,no,no,1,no,unfurnished,3087000
1006,4960,2,1,1,yes,no,yes,no,yes,0,no,unfurnished,3080000
1007,2160,3,1,2,no,no,yes,no,no,0,no,semi-furnished,3080000
1008,3090,2,1,1,yes,yes,yes,no,no,0,no,unfurnished,3080000
1009,4500,2,1,2,yes,no,no,yes,no,1,no,semi-furnished,3080000
1010,3800,2,1,1,yes,no,no,no,no,0,no,unfurnished,3045000
1011,3090,3,1,2,no,no,no,no,no,0,no,semi-furnished,3010000
1012,3240,3,1,2,yes,no,no,no,no,2,no,semi-furnished,3010000
1013,2835,2,1,1,yes,no,no,no,no,0,no,semi-furnished,3010000
1014,4600,2,1,1,yes,no,no,no,no,0,no,furnished,3010000
1015,5076,3,1,1,no,no,no,no,no,0,no,unfurnished,3010000
1016,3750,3,1,2,yes,no,no,no,no,0,no,unfurnished,3010000
1017,3630,4,1,2,yes,no,no,no,no,3,no,semi-furnished,3010000
1018,8050,2,1,1,yes,no,no,no,no,0,no,unfurnished,3003000
1019,4352,4,1,2,no,no,no,no,no,1,no,unfurnished,2975000
1020,3000,2,1,2,yes,no,no,no,no,0,no,semi-furnished,2961000
1021,5850,3,1,2,yes,no,yes,no,no,1,no,unfurnished,2940000
1022,4960,2,1,1,yes,no,no,no,no,0,no,unfurnished,2940000
1023,3600,3,1,2,no,no,no,no,no,1,no,unfurnished,2940000
1024,3660,4,1,2,no,no,no,no,no,0,no,unfurnished,2940000
1025,3480,3,1,2,no,no,no,no,no,1,no,semi-furnished,2940000
1026,2700,2,1,1,no,no,no,no,no,0,no,furnished,2940000
1027,3150,3,1,2,no,no,no,no,no,0,no,unfurnished,2940000
1028,6615,3,1,2,yes,no,no,no,no,0,no,semi-furnished,2940000
1029,3040,2,1,1,no,no,no,no,no,0,no,unfurnished,2870000
1030,3630,2,1,1,yes,no,no,no,no,0,no,unfurnished,2870000
1031,6000,2,1,1,yes,no,no,no,no,0,no,semi-furnished,2870000
1032,5400,4,1,2,yes,no,no,no,no,0,no,unfurnished,2870000
1033,5200,4,1,3,yes,no,no,no,no,0,no,unfurnished,2852500
1034,3300,3,1,2,no,no,no,no,no,1,no,semi-furnished,2835000
1035,4350,3,1,2,no,no,no,yes,no,1,no,unfurnished,2835000
1036,2640,2,1,1,no,no,no,no,no,1,no,furnished,2835000
1037,2650,3,1,2,yes,no,yes,no,no,1,no,unfurnished,2800000
1038,3960,3,1,1,yes,no,no,no,no,0,no,furnished,2800000
1039,6800,2,1,1,yes,no,no,no,no,0,no,unfurnished,2730000
1040,4000,3,1,2,yes,no,no,no,no,1,no,unfurnished,2730000
1041,4000,2,1,1,yes,no,no,no,no,0,no,unfurnished,2695000
1042,3934,2,1,1,yes,no,no,no,no,0,no,unfurnished,2660000
1043,2000,2,1,2,yes,no,no,no,no,0,no,semi-furnished,2660000
1044,3630,3,3,2,no,yes,no,no,no,0,no,unfurnished,2660000
1045,2800,3,1,1,yes,no,no,no,no,0,no,unfurnished,2660000
1046,2430,3,1,1,no,no,no,no,no,0,no,unfurnished,2660000
1047,3480,2,1,1,yes,no,no,no,no,1,no,semi-furnished,2660000
1048,4000,3,1,1,yes,no,no,no,no,0,no,semi-furnished,2660000
1049,3185,2,1,1,yes,no,no,no,yes,0,no,unfurnished,2653000
1050,4000,3,1,2,yes,no,no,no,yes,0,no,unfurnished,2653000
1051,2910,2,1,1,no,no,no,no,no,0,no,unfurnished,2604000
1052,3600,2,1,1,yes,no,no,no,no,0,no,unfurnished,2590000
1053,4400,2,1,1,yes,no,no,no,no,0,no,unfurnished,2590000
1054,3600,2,2,2,yes,no,yes,no,no,1,no,furnished,2590000
1055,2880,3,1,1,no,no,no,no,no,0,no,unfurnished,2520000
1056,3180,3,1,1,no,no,no,no,no,0,no,unfurnished,2520000
1057,3000,2,1,2,yes,no,no,no,no,0,no,furnished,2520000
1058,4400,3,1,2,yes,no,no,no,no,0,no,unfurnished,2485000
1059,3000,3,1,2,no,no,no,no,no,0,no,semi-furnished,2485000
1060,3210,3,1,2,yes,no,yes,no,no,0,no,unfurnished,2450000
1061,3240,2,1,1,no,yes,no,no,no,1,no,unfurnished,2450000
1062,3000,2,1,1,yes,no,no,no,no,1,no,unfurnished,2450000
1063,3500,2,1,1,yes,yes,no,no,no,0,no,unfurnished,2450000
1064,4840,2,1,2,yes,no,no,no,no,0,no,unfurnished,2450000
1065,7700,2,1,1,yes,no,no,no,no,0,no,unfurnished,2450000
1066,3635,2,1,1,no,no,no,no,no,0,no,unfurnished,2408000
1067,2475,3,1,2,yes,no,no,no,no,0,no,furnished,2380000
1068,2787,4,2,2,yes,no,no,no,no,0,no,furnished,2380000
1069,3264,2,1,1,yes,no,no,no,no,0,no,unfurnished,2380000
1070,3640,2,1,1,yes,no,no,no,no,0,no,unfurnished,2345000
1071,3180,2,1,1,yes,no,no,no,no,0,no,unfurnished,2310000
1072,1836,2,1,1,no,no,yes,no,no,0,no,semi-furnished,2275000
1073,3970,1,1,1,no,no,no,no,no,0,no,unfurnished,2275000
1074,3970,3,1,2,yes,no,yes,no,no,0,no,unfurnished,2275000
1075,1950,3,1,1,no,no,no,yes,no,0,no,unfurnished,2240000
1076,5300,3,1,1,no,no,no,no,yes,0,yes,unfurnished,2233000
1077,3000,2,1,1,no,no,no,no,no,0,no,unfurnished,2135000
1078,2400,3,1,2,yes,no,no,no,no,0,no,unfurnished,2100000
1079,3000,4,1,2,yes,no,no,no,no,0,no,unfurnished,2100000
1080,3360,2,1,1,yes,no,no,no,no,1,no,unfurnished,2100000
1081,3420,5,1,2,no,no,no,no,no,0,no,unfurnished,1960000
1082,1700,3,1,2,yes,no,no,no,no,0,no,unfurnished,1890000
1083,3649,2,1,1,yes,no,no,no,no,0,no,unfurnished,1890000
1084,2990,2,1,1,no,no,no,no,no,1,no,unfurnished,1855000
1085,3000,2,1,1,yes,no,yes,no,no,2,no,unfurnished,1820000
1086,2400,3,1,1,no,no,no,no,no,0,no,semi-furnished,1767150
1087,3620,2,1,1,yes,no,no,no,no,0,no,unfurnished,1750000
1088,2910,3,1,1,no,no,no,no,no,0,no,furnished,1750000
1089,3850,3,1,2,yes,no,no,no,no,0,no,unfurnished,1750000
